{"file_hashes":[{"block_hashes":["5SOx5Gd1HrGmhCEhIVqlTHT5xd3ZRjunD+2GZgh6DP0="],"block_size":4096,"path":"background.js"},{"block_hashes":["kuWSod5sCATqXHeHrGw4HPLpFHcfnhHLCmq2hCdtt7Q=","9DDVTffkf9AZaYp7ZKX7Fiy6oq75xkCVl2cE9Q6fXXw="],"block_size":4096,"path":"data/icons/OFF/128.png"},{"block_hashes":["aav5QjTIjsuea5OkpHC6lrlkVR0NyGkOliLb+vAiUw8="],"block_size":4096,"path":"data/icons/OFF/16.png"},{"block_hashes":["acxt194xHtBIia7e9dUzsG0vvTjyNA5LJjLaAF6jDZw="],"block_size":4096,"path":"data/icons/OFF/32.png"},{"block_hashes":["L+vKvWKOh+DzlZoa81itQ38qH6zsxNuLMbwIKuif1Z8="],"block_size":4096,"path":"data/icons/OFF/48.png"},{"block_hashes":["eKygIgcLP8CBlxbWyhZKoUtPIEDjZvgSOIfYPOA1+xg="],"block_size":4096,"path":"data/icons/OFF/64.png"},{"block_hashes":["Uy0YnSPvNxnxVw1ZqmiGSCkFiWXyjBHDQB5uuewQiTU=","zxjvYcPg0QnVSRypPpwgxh0xYVZWxtTwmCvJxKR4HhY="],"block_size":4096,"path":"data/icons/ON/128.png"},{"block_hashes":["ef6a6WGHibfLyR/A0bzH1mANaah+uN0L78bfjNFMlYs="],"block_size":4096,"path":"data/icons/ON/16.png"},{"block_hashes":["lTt+l5dvRfI+CbEH7mbWcs3OmEAAM8nJ3TAJV/6U1gc="],"block_size":4096,"path":"data/icons/ON/32.png"},{"block_hashes":["1S4m+15412kHmjplJrSQKJ44AvDvBc7fWkpXDSqnvc4="],"block_size":4096,"path":"data/icons/ON/48.png"},{"block_hashes":["FYIA88Fs6P3ydvHHpUuLpAlhXQTeTpLJ4Nct39z5Wkg="],"block_size":4096,"path":"data/icons/ON/64.png"},{"block_hashes":["u8s0i2RpKycjtbGk8ENuaC+aRvkJYCCSBZVt751vnSs=","MQvMgV1qHdfD34Ya80uPN5REPvWPLJ7xewm1m+L3Ovk="],"block_size":4096,"path":"data/options/options.css"},{"block_hashes":["SqgHitoJ2WNxtPM9TgDPef1lQ6cqAJA7mUu7NenUscA=","cadMgCIIWjFeTeB8WSAHS1aFZbP9W6vEW7DmdlTw1nw=","bCPD7VBhLtvU2IPxdWwoBgg+bhDnKvoIuQzOL6LZwfc="],"block_size":4096,"path":"data/options/options.html"},{"block_hashes":["EIsMz6fnBSQsGQO0GJRN3a36GJOQghMTs0IU1Fgb/cE=","R83pip6BIsSCxsm0SVKL8mEPfaNPJZR48wJ6qIHGOLo=","HZPz0LE8dWhHrqCQfTzGSqgLQVUajwhtGVpSTJV81Kk="],"block_size":4096,"path":"data/options/options.js"},{"block_hashes":["BJGvPX9Y5PZ/bEJNV+4BREf83+a3Kj1w5vtOpogjKSM="],"block_size":4096,"path":"data/popup/explore/explore.css"},{"block_hashes":["WcamX+5EJf2Y/fKLbRkUS3UrsnK34YgUtRC6HVnR9sA="],"block_size":4096,"path":"data/popup/explore/explore.js"},{"block_hashes":["Bm+n+8x73bYvgnRdTlAZq1lLos0if8/96sJVR+yO1kY="],"block_size":4096,"path":"data/popup/explore/explore.json"},{"block_hashes":["MbTDjMgJ1t6drYEO+pK3NLyrWzylJzAPsULVnA5mTpQ="],"block_size":4096,"path":"data/popup/popup.css"},{"block_hashes":["7zemVPWjQpVHRifK+CFm7NIsmKZcgkwwpt+A3ulmiZk=","97X1+pkmmbXdSDI8c/iderpM2wHoqckmTeJPr4KzweE="],"block_size":4096,"path":"data/popup/popup.html"},{"block_hashes":["UtLXVnW9MgbVZd81fzEqwdpunZJKUrhMijNLln0eS2s="],"block_size":4096,"path":"data/popup/popup.js"},{"block_hashes":["0/4rTXRPEQpmOMCCzabWwj2ycrBnd65rKLrUKDpvIqU=","L3l/Q7Ca4GkZmMYILwjHCo4zAHbDgB17Zb8QINrQHfY=","3zmC/WEBc1mSQfypPHyGZoP1j1QeztHCCYECFFR3Fkw="],"block_size":4096,"path":"lib/chrome.js"},{"block_hashes":["X/OD+d28RBuHAOwn47f5IbCa4DhpB5XI8K+VdJPn0eA=","zz/YGkN2IFzwiQCDFO7jtTsFqKkOriE/yjBSOyDvJBg=","SzQhAkjsFWy9ZW/CoUKID1SBqIMTU6HJFrmPuHAKmzw=","D+U//9DikC8+gNG1It35cEHh2AR8tAraI3i8nln5u/s="],"block_size":4096,"path":"lib/common.js"},{"block_hashes":["TRmpEwYt7v7XvJhxtPSih51yUWLnRB3y71SO/aa6raQ="],"block_size":4096,"path":"lib/config.js"},{"block_hashes":["wP9rrB37WzxT6ObRriU8VDosCIhnfR5NhnB44irzmsY=","HRuwj9V7xj3II+OhLglhKydzcGCyxKh6B0PnQn8Armw="],"block_size":4096,"path":"lib/netrequest.js"},{"block_hashes":["sPO1kO06DegOfcrIpI4fAO6blfYy54VD7QsKGyuWnS8="],"block_size":4096,"path":"lib/runtime.js"},{"block_hashes":["hLh9DH9gnYla1LwQJarvyuqqm8C9+NFbq4STKHAi+nY="],"block_size":4096,"path":"lib/webrequest.js"}],"version":2}