[
  {"id": "zip-maker", "title": "ZIP Maker"},
  {"id": "block-site", "title": "Block Site"},
  {"id": "zip-reader", "title": "ZIP Reader"},
  {"id": "word-editor", "title": "Word Editor"},
  {"id": "epub-reader", "title": "ePub Reader"},
  {"id": "mobi-reader", "title": "MOBI Reader"},
  {"id": "text-editor", "title": "Text Editor"},
  {"id": "smart-https", "title": "Smart HTTPS"},
  {"id": "latex-editor", "title": "LaTeX Editor"},
  {"id": "cache-cleaner", "title": "Cache Cleaner"},
  {"id": "webapi-blocker", "title": "WebAPI Blocker"},
  {"id": "tor-button", "title": "Tor Browser Button"},
  {"id": "markdown-editor", "title": "Markdown Editor"},
  {"id": "custom-page-zoom", "title": "Custom Page Zoom"},
  {"id": "noscript-lite", "title": "No-Script Suite Lite"},
  {"id": "hide-tabs", "title": "Hide Tabs (Panic Button)"},
  {"id": "block-image-video", "title": "Block Image|Video"},
  {"id": "popup-blocking", "title": "Popup Blocker (Lite)"},
  {"id": "useragent-switcher", "title": "User-Agent Switcher"},
  {"id": "custom-style-script", "title": "Custom Style Script"},
  {"id": "font-defender", "title": "Font Fingerprint Defender"},
  {"id": "block-miners", "title": "NoMiner - Block Coin Miners"},
  {"id": "html-content-blocker", "title": "HTML Content Blocker"},
  {"id": "webgl-defender", "title": "WebGL Fingerprint Defender"},
  {"id": "canvas-defender", "title": "Canvas Fingerprint Defender"},
  {"id": "code-minifier", "title": "Code Minifier (JS, CSS, HTML)"},
  {"id": "notrack", "title": "NoTrack - Block Redirection Tracking"},
  {"id": "change-timezone", "title": "Change Timezone (Time Shift)"},
  {"id": "host-blocker", "title": "Host AdBlocker - Block By Domain"},
  {"id": "code-beautifier", "title": "Code Beautifier (JS, CSS, HTML)"},
  {"id": "file-encryptor", "title": "File Guard (Encryptor | Decryptor)"},
  {"id": "change-geolocation", "title": "Change Geolocation (Location Guard)"},
  {"id": "modify-header-value", "title": "Modify Header Value (HTTP Headers)"},
  {"id": "screen-color-temperature", "title": "Color Temperature (Change Lux)"},
  {"id": "audiocontext-defender", "title": "AudioContext Fingerprint Defender"}
]
